,Question,Answer
0,What is the best care for your skin?,"""The best skin care involves following a concrete skincare routine, healthy dietary habits, and a proper sleep cycle. Our facial skin deals with pollution, climate fluctuations, the suns UV rays, and poor-quality facial accessories. Thus, consistency in the skincare routine plays a key role in improving skin health. In addition, cutting off stress, smoking habits, and junk foods from life contribute hugely to overall skin health. You should always opt for gentle skin care products with natural and toxin-free ingredients."""
1,Are Mamaearth skin care products natural?,"""Yes. Mamaearth skincare products do not include harmful chemicals to hurt any skin barrier. Besides, it is the first Asian brand to get the approval of MadeSafe, meaning its product range is free of any harmful chemicals that may damage the skin or cause allergies. So, if you are keen on using the best skin care products with mild and safe ingredients to pamper your skin health, Mamaearth products would be apt for you."""
2,Do Mamaearth face care products work on old acne scars?,"""Yes. Mamaearth offers various face care products formulated specially to treat acne scars, blemishes, and hyperpigmentation. You may try skin care products featuring Tea Tree, Vitamin C, Aloe Vera, and Rice Water for the best results. It is necessary to be consistent with cleansing and exfoliation while dealing with acne scars. The sunblock is a crucial thing to stick with for effective results. In addition, you may also consider using Mamaearths Retinol Face Serum and Bye Bye Blemishes Face Cream. These toxin-free skincare products are formulated with natural skin-brightening ingredients that help reduce blemishes and old acne scars."""
3,Which Mamaearth product is the best for the skin?,"""Depending on the skin texture and concerns, you should opt for apt formulations from Mamaearth. It has a massive range of safe and gentle skincare products that are made to tackle a diverse range of concerns. So, ensure the products you buy suit your skin type and concerns. For example, if you are looking to brighten your skin complexion, you may wish to try the Vitamin C range and Ubtan-based products. Retinol and Rosehip-based products are best suited to defy premature aging concerns and blemishes."""
4,How do you use Mamaearth face care products?,"""We recommend checking the product's label before applying for any product. However, according to the general concept of skincare application, it is advised to take products in adequate amounts and apply them correctly: face cleanser, face toner, face serum, face moisturizer, and sunscreen."""
5,What is a proper skincare routine?,"""A proper skincare routine suggests a basic step of skincare that promotes a healthy and nourished skin barrier. It involves cleansing, toning, treating, moisturizing, and protecting. To follow healthy skin care for oily, dry, and combination skin, it is advisable to have skincare products as per skin types and concerns. Regular cleansing detoxifies the skin and toning hydrates and empties its pores of toxic additives. Moisturizing is also a vital step that hydrates the skin cells to prevent many skin troubles, and applying SPF protects the skin from UV rays. Together these products help prevent many possible skin damages. Therefore, following a proper skincare routine works great for a healthy and radiant skin texture."""
6,Which is the best skincare product in India?,"""You will find infinite options when searching for the best skin care products in India. Every product has its significance in skincare, and while choosing the best formulation, it is better to look for mild ingredients, toxin-free composition, reputed brand, and dermatological approval. We recommend using Mamaearth's skincare products for a hassle-free experience."""
7,Which is the best skin product for men?,"""Like women's skin, men's skin also requires attention, care, and pampering. You may commence your skincare routine with the basics before trying additional products. So, while choosing the best skin product for men, try to keep it minimal if you are new to skincare. Start with cleansing, moisturizing, and SPF, and always avoid nasties such as sulfates, paraben, SLS, artificial fragrance, etc., in your products. Besides, once a week, exfoliation and facial masks would make your skin healthy and naturally glowing."""
8,What should men have for skin care?,"""For the best skin care for men, it is suggested to go for a gentle face cleanser with deep-cleansing formula and a moisturizer with an oil-free yet hydrating formula. Applying SPF is non-negotiable, so find a lightweight sunscreen with SPF 50 for better protection. Regular exfoliation is necessary to keep pores clean and healthy. So, add a nourishing face scrub and facial mask to your weekly routine. Gradually, you may introduce toners and treatment products such as serums and ointments to your routine if you have any particular concerns."""
9,What can I apply to my face daily?,"""You should never skip three basic fundamental steps of skincare, which are cleansing, moisturizing, and protecting. So, ensure you never let a day pass without these steps, as they will help keep your skin radiant and healthy. Once you adjust to the basics, you may move ahead with toning and moisturizing your skin."""
10,How to take the best care of your facial skin?,"""The best care for your face should be having a proper skincare routine using quality products, a healthy sleep schedule, and eating habits. In addition, it is advisable to do facial yoga and focus on de-stress techniques like yoga and meditation."""
11,Which is the best product for face care?,"""Hydrating products with nourishing and therapeutic properties are best for all face skin care routines. It is best to avoid products that contain harsh chemicals like parabens, sulfates, artificial fragrances, or toxic dyes. For holistic care of your face, we recommend exploring Mamaearth product ranges because it comprises only safe and gentle ingredients. It is Made Safe and PETA-certified too, and is thus toxin-free and cruelty-free as well."""
12,How to take care of your skin in summer?,"""Summer can be harsh on the skin, with heat waves causing consistent sweat and dehydration. So, always use hydrating products with oil and sweat-free formula. You may want to avoid any heavy composition as it may clog pores and cause irritation or redness in the skin. It is also advisable to follow a cleaning, toning, treating, moisturizing, and protecting routine, along with weekly exfoliation and masking too. Practicing these steps offers intense nourishment to your skin cells and effectively sheds off dirt and impurities. Choosing a water-based formulation with ingredients like Hyaluronic Acid, Aloe Vera, Coffee, Green Tea, and Rice Water is advised. In addition, you may also explore the Aqua Glow range of Mamaearth to beat the summer heat."""
13,How to use skin care products?,"""To use skincare products correctly, it is advised to read the product's label before applying. In general, it is important to use every product in the correct order and on clean, dirt-free skin."""
14,What products do you need for skincare?,"""The basic skin care steps are advised for every skin type, such as face wash, toner, serum, moisturizer, and sunscreen. In addition to regular skincare steps, you should have a nourishing facial exfoliator and face mask, which you can use once or twice a week."""
15,What is the Mamaearth all products for face price in India?,"""The Mamaearth all products for face price in India starts at Rs. 225."""
16,Is Mamaearth products good for oily skin too?,"""Yes, Mamaearth products are good for all skin types. They are made of natural ingredients and free from all harmful toxins, which makes it suitable for sensitive skin."""
17,How to take care of hair naturally?,"""The simplest and smartest way to take care of the hair is to wash it regularly. One should use a safe and gentle set of hair care products (like hair shampoo, hair conditioner, hair serum, and hair oil). It is worth noting that one should follow a weekly care schedule for hair care. Among your hair care products list, it is safe to add a leave-in hair conditioner as well, it may be used once a week."""
18,How to take care of hair fall?,"""Hair fall results from poor nutrition, inadequate sleep patterns, excessive stress, or poor-quality products. One should thus try to check for the cause first. At the very least, one should opt for the best hair care products in India to ensure your hair strands get adequate nourishment. We recommend starting with Mamaearths Onion Hair Care range. Enriched with Onion and Sulfur, it helps you avail a comprehensive experience with hair shampoo, hair conditioner, hair serum, and hair oil. These products are free from toxins and harmful chemicals, and are certified by Made Safe."""
19,What are the best ways to take care of your hair?,"""Most hair care issues arise from insufficient nutrition, adequate sleep patterns, or stress. They may also result from excessive use of heat-styling tools or chemically-enriched products. It is advisable to opt for the best hair care products to ensure your hair strands stay adequately nourished. We recommend starting with Mamaearths Hair Care range. It offers a comprehensive experience with hair shampoo, hair conditioner, hair serum, and hair oil that are made using Onion, Curd, Tea Tree, BhringAmla, or Rice Water. These hair care products are toxins-free and certified by Made Safe."""
20,What is the healthiest hair care?,"""The healthiest hair care comprises a thoughtful choice of the best hair care products. We recommend that you understand your hair care issues (like hair fall, frizzy hair, or dandruff) and then opt for the best-suited solution using safe and natural hair care products. We recommend Mamaearths hair care products that come enriched with safe and gentle ingredients like Onion, Tea Tree, Curd, BhringAmla, or Rice Water. These are some of the best hair care products in India because they do not contain any harmful chemicals or toxins. You should also take a nutritious diet, proper sleep, and avoid stress for the best results."""
21,Which Mamaearth hair growth products are best for hair?,"""You should try Mamaearths Onion Hair Care Products for hair fall control. It also helps offer faster hair growth and makes hair stronger and shinier. This range comprises Onion Hair Shampoo, Onion Hair Shampoo, Onion Hair Conditioner, Onion Hair Serum, and Onion Scalp Serum. These products primarily feature Onion, Sulfur, and Redensyl that help make hair shinier and stronger."""
22,Are Mamaearth products good for hair products?,"""Yes, Mamaearths hair care products are made using safe and gentle ingredients. They are completely free from harmful chemicals and toxins. This makes them suitable for regular use."""
23,What is the price of Mamaearth hair products?,"""Mamaearth offers a wide range of hair care products that help treat various hair care issues like dandruff, hair fall, and frizz. We recommend that you download Mamaearths app to check out their latest prices. It contains all the hair care product lists as per their quantity and respective prices, and any marketing offers that may be running alongside."""
24,Are Mamaearth products good for hair?,"""Yes, Mamaearths hair care products are made using safe and gentle ingredients. They do not contain any harmful chemicals or toxins like SLS, Parabens, or mineral oil. These features make them the best hair care products in India."""
25,How to get silky hair?,"""It would take some time to make your hair soft and silky, especially if you are battling hair care issues. We recommend Mamaearths Curd Smoothening range of hair care products. They primarily feature Curd, Keratin, and Coconut Oil that help make hair smoother and shinier. What makes them the best hair care products in India is the fact that they do not contain any harmful chemicals or toxins, and thus they are suitable for regular use."""
26,Which is the best hair care product?,"""It depends on what hair care issues you are facing and what your haircare goals are. We recommend Mamaearths safe and gentle range of toxin-free hair care products that come enriched with natural ingredients like Onion, Tea Tree, Curd, BhringAmla, or Rice Water. The absence of toxins like SLS and parabens makes them even more effective. Please download Mamaearths app to check the hair care products list and their respective prices."""
27,What should I apply to my hair daily?,"""We recommend you apply Mamaearths Aloe Vera Gel for Skin and Hair. It serves two purposes- it clears and hydrates your skin and soothes irritation. It contains Aloe Vera, Vitamin E, and Glycerin that help relieve skin irritation and helps reduce frizz."""
28,What are the steps of hair care?,"""The best hair care routine starts with knowing ones hair type and texture. Then you should select the best hair care products and use them regularly. If you have dry hair, you should wash it once every three days; if you have oily hair, you should wash it once every two days. Normal hair needs a hair wash every three days. If possible, use lukewarm water to wash your hair. Gently towel dry or air dry your hair but avoid heat-styling products. Trim your hair regularly and do not use excessive coloring dyes on them. Protect your hair from direct sunlight. It is also advisable to opt for safe and gentle hair care products that match your hair type and texture. We advise using Mamaearths Hair Care products. Made of safe and toxin-free ingredients, they are the best hair care products in India and are recommended for regular use."""
29,How can I make my hair healthy again?,"""The health and texture of your hair depend on your nutrition intake, lifestyle, and choice of hair care products. It thus makes sense to improve all these three factors. If you have dry hair, you should wash it once every three days; if you have oily hair, you should wash it once every two days. However, normal hair needs a hair wash every three days. If possible, use lukewarm water to wash your hair. Gently towel dry or air dry your hair, you should avoid heat-styling products. Trim your hair regularly and do not use excessive coloring dyes on them. Protect your hair from direct sunlight. It is also advisable to opt for safe and gentle hair care products that match your hair type and texture. We advise using Mamaearths Hair Care products. Made of safe and toxin-free ingredients, they are the best hair care products in India and are recommended for regular use."""
30,Which hair products are good for hair?,"""We recommend opting for Mamaearths hair care products. Made of safe and gentle ingredients, they mainly feature Onion, Tea Tree, Curd, Lemon, BhringAmla, or Rice Water. They are fit for regular use and can be used by men and women of all age groups. Moreover, the absence of harmful chemicals and toxins makes them more suitable for people with different hair textures. These factors make Mamaearths hair care products the best hair care products in India."""
31,What are the most important hair products?,"""The most important hair care products are hair shampoo, hair conditioner, hair serum, and hair oils. They may also be supplemented with scalp serums in certain cases. We recommend you start with Mamaearths Onion-based hair care products. You may also download the all-new Mamaearth app to check the matching hair care products list, prices, and current offers."""
32,What do I need for everyday makeup?,"""Some makeup essentials are needed in every vanity. The first one is setting a base using a makeup primer. It will help you create a flawless look that will last longer without any cakey formation. The next one in line is a foundation. It helps create a smooth canvas to create your make-up look for the day. Next comes the concealer to hide dark circles, blemishes, etc., and makes your makeup look flawless. If you seek a subtle make-up look, adding eyeliner and lipstick as per your outfit would suffice. However, if you wish to look like a pro in using make-up essentials, you should always add a blush, highlighter, mascara, and lip liner to your vanity."""
33,What is airbrush makeup?,"""Airbrush makeup is a cosmetic accessory that is applied to the skin using an airbrush machine. One does not need sponges, beauty blenders, or brushes to spread it. Airbrush make-up uses a compressor to create the flow of air through a hose, which is connected to a trigger-controlled gun. It may also use the force of moistened and compressed air to spread the mist foundation gently across the facial canvas."""
34,What does a full makeup kit consist of?,"""An extensive makeup kit includes a primer for setting make-up, a foundation, concealer, blush, highlighter, eye shadow palette, eyeliner, mascara, lip liner, lip balm, and lipsticks. It should also include sponges and beauty blenders to add the evenness of cosmetics applied to the face. Apart from these, make-up brushes of varied thicknesses are also included in a full makeup kit. You may also include an eyelash curler to add more intensity to your eye makeup."""
35,What are the five types of makeup?,"""The five times of make-up that can accentuate your personality are: Water based makeup: It gives a natural look to your face and is easier to wear at casual parties and events like get-togethers. It offers medium coverage and only adds to your skins natural beauty. Silicone based makeup: It has a unique slip effect, so it is still in trend. It offers a smooth finish and feels lightweight on the skin. In addition, it doesnt smudge or change even after 4-5 hours of application. Powder based makeup: An amazing makeup type that offers full coverage and leaves no white cast on the skin. However, you should moisturize your skin well before applying. Mineral based makeup: This makeup is compressed with minerals and contains no oils or other additives. They have a longer shelf life and work well on the skin because of their lightweight texture. Airbrushed make-up: It is cosmetics applied on the skin using an airbrush machine but without using any sponges, beauty blenders, or brushes. It uses a compressor to create the flow of moistened air through a hose, which is connected to a trigger-controlled gun."""
36,Which makeup is best for bridal?,"""Experts in make-up and enthusiasts say that bridal makeup is a comprehensive and long-stay look. Hence, matte makeup suits brides well on their wedding day as it helps absorb excess oil on the face, hides imperfections like blemishes, and gives a smooth finish."""
37,How to do simple eye makeup?,"""Eye makeup can be as minimal or extensive as you want. You can start by applying an eye primer to prep your skin for the look you wish to achieve. Then, pick some basic shades that fit your daily, casual look. Choose eye makeup brushes that can simplify your make-up application, as the ones meant for your eyes differ from those for your face. Select the lightest shade and glide the brush from the inner corner of your eyes. Then, add a refined definition to your eyes by contouring your eyelids with the darkest shade. When you are done, apply eyeliner and wing it to add a dramatic effect. Lastly, volumize your lashes using good mascara. To keep this look longer, use translucent powder to mattify your under-eye skin."""
38,Can I use moisturizer instead of a primer?,"""No. A moisturizer is used to hydrate your skin before applying make-up. In contrast, a primer makes the canvas smooth and long-lasting to apply makeup. Since both the essentials have different key responsibilities towards your skin, they cannot be used as a substitute for the other."""
39,How to do makeup?,"""Heres a step-by-step guide to applying makeup from scratch: First, prep your facial skin using a good primer. Make sure you have cleaned and moisturized your skin well before applying. Apply foundation on your face and neck to even your skin tone and set the right base. Use a concealer to hide dark circles, puffiness under the eyes, blemishes, etc. Use a highlighter and blush to amplify your features. Experiment with a mix of warm and pleasant tones of eyeshadow Add wings to your expressions using an eyeliner Volumize your eyelashes with a mascara Spray a make-up fixer or a setting spray to get a long-lasting look."""
40,What is makeup?,"""Make-up is a composite process that helps amplify your appearance subtly or dramatically as per the occasion. Involving products and accessories, it may include everything from a primer to a brow pencil or a beauty blender to give you a flawless look with minimal effort."""
41,What is a primer in makeup?,"""A primer is the first step to any make-up look you wish to create. It is used before applying the foundation and all other makeup products to create a smooth canvas for makeup application."""
42,What is concealer in makeup?,"""As the name suggests, a concealer is a makeup product that helps hide imperfections like dark circles, blemishes, acne scars, and marks to give your face the perfect look it needs. It is applied after foundation and helps in giving you a flawless look to apply eyeshadow, eyeliner, or other make-up essentials."""
43,How to remove makeup?,"""Add a few drops of micellar water to a cotton ball or pad. Wipe it on your face and neck to remove makeup completely. Reapply if needed."""
44,What is the foundation of makeup?,"""The foundation of a good makeup look is a primer. It helps in giving a smooth finish to your skin and makes your make-up last longer without making it look uneven."""
45,Which makeup is the best?,"""Natural makeup products with the innate goodness of natural ingredients like Vitamin C, Vitamin E, etc. They should be free from harmful toxins and offer intense nourishment and care to your skin. In addition, they should be MadeSafe certified and suit all skin types. Mamaearth Colorcare Range meets all the above parameters and can be recommended as the best."""
46,What is the Mamaearth combo makeup kit price in India?,"""Mamaearth makeup products price starts from Rs. 871 for combos. And the Mamaearth makeup products cost varies depending on the type and variant you choose. For example:- Mamaearth eye shadow costs around Rs. 399 and Mamaearth lip balm costs around Rs.149."""
47,What should I do for body care?,"""The simplest body care routine starts with taking a bath once a day throughout the year. If you work in hot and humid, or highly polluted, regions, you should take a bath twice a day. You should also use good-quality body care products like bathing soaps, body washes, body scrubs, and body lotions. This should be followed with a matching hair care schedule comprising toxin-free hair shampoos and conditioners. Switching to a healthy and nutritious diet, and taking a six-hour sleep every night would also help. Be sure to cut down on your stress levels and smoking or drinking habits (if any) to get better results."""
48,How important is body care?,"""Tremendously important. A positive and personalized the body care regimen is the core of our well-being and extends to our mental wellness. If you take out even 15 minutes a day for the body care, It will help you stay cleaner and free from infections, dust, and grime. This is also important because we lose our skin cells every day, and using safe and toxin-free body care products would help remove them. One should also use some perfume or deodorant every day. Pursuing this routine would also help improve your sense of self-worth."""
49,What are the different types of body care?,"""The Body care mainly comprises cleansing, scrubbing, and moisturizing. So, one should use a good-quality bathing soap, body wash, body scrub, and body lotion as per ones skin type (oily, dry, or combination). One should also use sunscreen and face care products. Thus a Mamaearth body polishing kit like full body skin care products list should comprise all of the above. It may be appended with hair care products as per ones hair texture and hair care issues."""
50,How to take care of the body in summer?,"""Summers are known for sweltering heat and very high temperatures. Coupled with high humidity, the heat can often become intolerable. So one should care for ones skin using safe and gentle body and skin care products. One should use a face wash (twice a day), face scrub (twice a week), face serum (once a day), face moisturizer (twice a day), and sunscreen (multiple times a day). It is also important to opt for a toxin-free range of body care products like soaps, body washes, and body scrubs to complete ones body care routine."""
51,Which is the best body care routine?,"""The best body care routine comprises body and face care. One should take proper steps to keep one's skin free of blemishes, dust, grime, excess oil, and pollutants. It is advisable to opt for safe and gentle body care products online or offline that provide the best grade of skincare experience. We recommend switching to toxin-free soaps, body washes, body scrubs, body lotions, face washes, face scrubs, face moisturizers, and face serums as per ones skin type."""
52,What are body care products?,"""Some basic body care products are body soaps, body washes, body scrubs, and body lotions. Face care products like face washes, face scrubs, face serums, and face moisturizers also append to the list. It is best to use perfume or deo to complete the grooming process."""
53,How to take care of the skin on your body?,"""Skincare experts advise taking a bath at least once a day throughout the year. If you work in hot and humid, or highly polluted, regions, you should take a bath twice a day. One should use safe and gentle body care products like bathing soaps, body washes, body scrubs, and body lotions. It can be followed by a matching set of hair care products like a pair of toxin-free hair shampoo and conditioner. Switching to a healthy and nutritious diet, and taking a six-hour sleep every night would also help. Feel free to meditate to reduce your stress and smoking or drinking habits."""
54,How do I start a body care routine?,"""The only way to chalk out a personalized body care routine is to know your skin type and texture. If you have oily and acne-prone skin, you should use oil-free body care products made of Tea Tree Oil, Niacinamide, and Salicylic Acid. If you have dry skin, you should opt for deeply moisturizing skincare products that feature Glycerin, Vitamin E, and Hyaluronic Acid. The products you choose should contain only safe and gentle ingredients, and there should be no harmful chemicals in them. Starting with cleansing, scrubbing, washing, and moisturizing hold the key to any body care routine. You should thus use soaps, body washes, body scrubs, body lotions, and appropriate face care products. Topping it up with a deo or perfume would be great."""
55,How do you layer body care products?,"""The best way to apply body care products is to first cleanse your bodys topmost skin layer of dust, grime, and impurities. Start by curating a personalized body and skin care routine using only toxin-free products. A body cleanser like a Vitamin C-based body wash or a Glycerin-based soap would help, especially if it is followed by an Ubtan-based body scrub. Post-bathing, you should apply a body moisturizer. Dabbing on some perfume or applying deodorant would also help a great deal."""
56,How can I get nice skin on my body?,"""Nice skin means clear, blemish-free, and radiant skin. The only way to get closer to that goal is to cleanse, scrub, and moisturize it regularly. We recommend opting for safe and gentle skincare products like soaps, body washes, body scrubs, and body moisturizers. One should also use a matching set of face care products too, like face washes, face scrubs, face serums, and moisturizers as per ones skin type. A full-body skin care experience can always be topped by sleeping six to eight hours every night and staying stress-free."""
57,How can I make my body smooth and shiny?,"""Your bodys skin needs a lot of care and nourishment. The only way to make it appear smoother and shinier is to use good-quality skincare and body care products. One should also follow a positive lifestyle and take a nutritious diet. Be sure to follow a proper process of cleansing, scrubbing, moisturizing, and shaving (using hair removal products). You should also opt for sunscreen and serums as need be. Drinking three to four liters of water a day would also help."""
58,What comes under body care products?,"""A body care products list includes soaps, body washes, body scrubs, body moisturizers, hair removal creams, skin gels, perfumes, deodorants, sunscreen gels, sunscreen lotions, body creams, underarm masks, and body yogurt. One may also include face wash and face mask in the same list."""
59,How do you get glass skin on your body?,"""Glass-like skin follows an ancient skincare routine from the Far East, specifically from Korea and Japan. The local inhabitants used rice water to clean their skin and to make it shinier. Applying this white milky solution to the hair made it stronger and free from infections too."""
60,How to take care of body skin in winter?,"""Winters are characterized by low temperatures and dry and chilly winds that sap moisture from the skin cells. It is thus important to provide deep moisturization to the skin cells, like body moisturizers. Use lukewarm or tap water to take a bath, and apply sunscreen to protect your skin from sun rays. Drinking three to four liters of water would help keep the skin soft and supple. It is best to apply moisturizer or a sleeping mask overnight."""
61,Which product is best for the face and body?,"""Nothing works better than using safe and gentle face care and body care products. It also helps to know ones skin type before deciding on a body skincare routine for the best results. We advise opting for Mamaearths wide range of body washes, body scrubs, moisturizers, body creams, body lotions, face washes, face scrubs, and face serums. They are all made of safe and gentle ingredients and do not contain any toxins."""
62,What is the best time to start an oil massage for newborn care?,"""According to experts, parents should wait ten days to two weeks before massaging their little ones with baby oil."""
63,Are Mamaearth Baby Care Products safe?,"""Yes. Mamaearths Baby Care Products are safe for the delicate skin of babies. They are made from natural ingredients and do not contain any harmful additives or abrasives. Also, these baby care products are dermatologically tested, safe for sensitive skin, and are MadeSafe Certified."""
64,Which Mamaearth Oil to use for baby massage?,"""We suggest you pick Mamaearth Soothing Massage Oil for Babies to give your baby a nourishing massage daily. It is backed with the goodness of Sesame, Almond, Coconut, and Jojoba oils, which nourish the babys skin deeply and keep the babys skin soft & supple. This nutritious baby massage oil enhances the elasticity & smoothness of babys skin, calms irritated, itchy and chafed skin, and helps reduce dryness. In addition, this gentle baby oil also deeply moisturizes the babys skin to make it soft and healthy after every use."""
65,Can adults use baby care products?,"""Yes. These are some of the best baby care products by Mamaearth that are mild, gentle, and effective and can be used by adults of any age. However, a vast difference exists between a babys skin and an adults skin texture and needs. Therefore, we suggest you use Mamaearths skincare range as per your requirements and skin type."""
66,What is the price of Mamaearths baby products?,"""Mamaearths Baby Care Product range includes products such as massage oil, hair oil, body wash, face cream, powders, diapers, hair shampoo, bathing bars, body lotion, lip balm, body mist, etc. Depending on the products you want to buy for your baby, there are different prices. However, Mamaearth Baby products price range starts from INR 99 per product to INR 900 for combo products."""
67,Which are the best baby care products?,"""Some of the best baby care products by Mamaearth are Soothing Massage Oil for Babies, Nourishing Hair Oil for Babies, Deeply Nourishing Body Wash for Babies, Milky Soft Face Cream & Body Lotion, Dusting Powder, and Organic Bamboo Based Baby Wipes."""
68,What are baby care products?,"""Baby care products are those essentials specially formulated with gentle and non-irritating ingredients with deep nourishing properties. These include naturally sourced plant-based ingredients and essential oils that formulate baby oils, creams & lotions, powders, shampoos, soap, and many more products. In addition, these baby care products are safe and dermatologically tested for your babys sensitive skin."""
69,What skincare products does a baby need?,"""A newborns skin is delicate, and it is essential to look out for safe and natural baby skincare products. A baby care product list includes baby soaps, baby body wash, baby massage oil, baby hair oil, baby shampoo, baby lotion, face cream, rash-free diapers, anti-mosquito bites roll-on, baby powder, baby toothpaste, and baby detergents."""
70,Are Mamaearths products good for babies?,"""With easy access to information, brands are working to formulate safe and gentle products for newborns. Mamaearth is Asias 1st MadeSafe-certified brand that formulates baby care products enriched with the goodness of natural ingredients. These products are free from toxins like parabens, silicones, SLS, mineral oil, and artificial dyes and are 100% safe for babies."""
71,What comes under baby care products?,"""Baby care products include baby oils, creams, body washes, body lotions, dusting powders, soaps, diapers, face creams, baby shampoo, baby sunscreen, and baby mist."""
72,What are some items that a baby needs?,"""Some baby care essentials are required to keep the baby healthy among the clothing, playing, sleeping, and feeding items. A babys skincare essentials for maintaining their delicate skin are hair and body massage oils, body washes, lotions, face creams, shampoo, sunscreens, mist, soaps, powders constipated, and diapers."""
73,Which are the best baby care products in India?,"""It is always vital to be mindful of the baby care range you choose for your baby. It should comprise baby care products made using mild, gentle, and nourishing ingredients. We suggest the best baby care products in India by Mamaearth. They include Organic Bamboo Bases Baby Wipes, Coco Soft Shampoo, Milky Soft Body Wash, Dusting Powder, Deep Nourishing Body Wash, Soothing Massage Oil, Nourishing Hair Oil, and Milky Soft Face Cream."""
74,Which kit is best for babies?,"""If youre searching for the best baby care kit, you should try Mamaearth Baby Essential Hamper Kit for your baby. It includes body wash, shampoo, oral care, dusting powder, body lotion, an anti-mosquito fabric roll-on, and a plant-based laundry detergent. They are crafted with natural ingredients that are gentle and best suited for sensitive skin. They are free from harmful toxins, harsh chemicals, and artificial fragrances and are MadeSafe Certified."""
75,Which Mamaearth Baby Products are best?,"""Baby care products should be soft and caring for the baby's tender skin. They should also be made of safe and toxin-free ingredients so they do not cause any rashes. Some of the best baby care products by Mamaearth are Organic Bamboo Bases Baby Wipes, Coco Soft Shampoo, Milky Soft Body Wash, Dusting Powder, Deep Nourishing Body Wash, Soothing Massage Oil, Nourishing Hair Oil, and Milky Soft Face Cream."""
76,What comes in a baby care kit?,"""A baby care kit comprises skincare products for your babys sensitive skin. For example, Mamaearths Welcome Baby Care Kit comprises Moisturizing Baby Soap Bar, Dusting Powder for babies, Easy Tummy Roll On, Deeply Nourishing Body Wash, and Moisturizing Daily Lotion Babies, Natural Anti Mosquito Body Roll On, and Plant-based Laundry Detergent."""
77,Is a baby kit necessary?,"""Yes, a baby care kit is necessary as it comprises all the essentials required by a babys skin to keep it healthy, soft, and nourishing."""
78,Which products are safe for newborns?,"""The skincare products formulated with natural ingredients, such as Mamaearth Baby Care Products, are safe for babies. They are dermatologically tested and 100% toxin-free, and gentle for babys skin."""
79,What is Mamaearth combo pack for oily skin?,"""Mamaearth Combo Pack for Oily Skin is a set of skin care products that are specifically formulated to address the needs of oily skin. It includes a face wash, face scrub, and face mask that work together to cleanse, exfoliate, and nourish the skin, leaving it refreshed and glowing."""
80,Are Mamaearth combo set for face suitable for all skin types?,"""Mamaearth combo set for face are designed to suit different skin types, including oily, dry, combination, and sensitive skin. The products are formulated with natural and safe ingredients that are gentle on the skin and free from harmful chemicals, making them safe for use on all skin types."""
81,How do I use Mamaearth Set for Face?,"""Mamaearth Set for Face includes a step-by-step guide on how to use each product in the set. Generally, it is recommended to use the face wash first, followed by the face scrub and face mask, and finish with the moisturizer. It is important to follow the instructions carefully and use the products as directed for best results."""
82,Can Mamaearth Skin Care Combo be used by people with sensitive skin?,"""Yes, Mamaearth Skin Care Combo is suitable for all skin types, including sensitive skin. All the products included in the combo are dermatologically tested, hypoallergenic, and free from harmful chemicals, making them safe and gentle for sensitive skin."""
83,Is Mamaearth Face Products Combo cruelty-free?,"""Yes, Mamaearth Face Products Combo is cruelty-free. Mamaearth is a brand committed to providing safe and effective natural skincare products that are also environmentally friendly and sustainable."""
84,What is Mamaearth known for?,"""Mamaearth is one of the most trustworthy brands in India, offering natural Skin, Hair, Body, Baby, and Makeup products. It is Asias first brand to receive Made Safe Certification for its beauty products, using safe, pure, gentle, natural, and toxin-free ingredients."""
85,How can I get a discount on Mamaearth products?,"""Shop for 599 or more on the Mamaearth website and get a flat 20% off plus an additional 5% off on prepaid orders by using the code SAVE25."""
86,What makes Mamaearth products unique?,"""Mamaearth products are made with safe, pure, gentle, natural, and toxin-free ingredients, free from harmful chemicals and parabens. They are curated with utmost care by skincare experts to offer the best skincare experience for men, women, and babies."""
87,Why is Mamaearth suitable for parents?,"""Mamaearth is a brand by parents, for parents, offering safe and gentle baby skincare products through world-class research to solve parenting problems. Their toxic-free, harmful chemical-free, and paraben-free products are especially mum-friendly."""
88,Where can I buy Mamaearth products?,"""You can explore and buy Mamaearth products on their official website (Mamaearth Honasa website) or through their online shopping store, which offers a user-friendly interface to view product information and make the best buying decisions."""
89,How can I shop Mamaearth products conveniently?,"""Download the Mamaearth app for iOS or Android for the best online shopping experience. It allows you to order from home with bank-grade security for safe and instant paymentsjust select products, add to cart, input your address, and pay."""
90,What does the Mamaearth skincare range offer?,"""The Mamaearth skincare range includes face cleansers (e.g., Vitamin C Foaming Face Wash, Charcoal Face Wash), face scrubs (e.g., CoCo Face Scrub, Vitamin C Face Scrub), face masks (e.g., Ubtan Face Mask, Neem Face Mask), toners (e.g., Vitamin C Face Toner, Rose Face Toner), face creams (e.g., Aqua Glow Face Moisturizer), face gels, face serums (e.g., Skin Illuminate Face Serum), lip balms, and kajal, all enriched with natural ingredients for radiant skin."""
91,How does Mamaearth help with skincare routines?,"""Mamaearth simplifies skincare with products like cleansers, toners, and moisturizers for an effective AM-PM routine. Their natural ingredients protect skin, boost radiance, prevent blemishes, and reverse damage caused by a sedentary lifestyle."""
92,What are some popular Mamaearth hair care products?,"""Mamaearth offers hair oils (e.g., BhringAmla with 15 Ayurvedic herbs), shampoos (e.g., Tea Tree Shampoo, Rice Water Shampoo Keratin), conditioners (e.g., Onion, Almond), and hair masks (e.g., Argan Hair Mask, Tea Tree Anti-Dandruff Hair Mask) made with nutrient-rich, safe, and gentle ingredients to nourish the scalp and treat dull, frizzy hair."""
93,What body care products does Mamaearth provide?,"""Mamaearths body care range includes body washes (e.g., Ubtan Body Wash, Vitamin C Body Wash), body butters (e.g., CoCo Body Butter), body lotions (e.g., Vitamin C Body Lotion), hand creams, body scrubs (e.g., Ubtan Body Scrub, Neem Body Scrub), and deodorants, all designed to hydrate and nourish skin below the neck."""
94,What baby care products does Mamaearth offer?,"""Mamaearths baby care range includes baby washes, shampoos, bathing bars, lotions, creams, powders, plant-based diapers, organic bamboo-based wipes, diaper rash cream, oral care products, and lip balms, all 100% safe, natural, and Made Safe Certified for gentle care on a babys skin."""
95,What are some of Mamaearths bestselling products?,"""Mamaearths bestsellers include Onion Hair Oil (reduces hair fall), Onion Shampoo (promotes hair growth), Ubtan Face Wash (rejuvenates tanned skin), Tea Tree Face Wash (prevents acne), Vitamin C Face Wash (boosts glow), Charcoal Face Wash (cleanses deeply), Hyperpigmentation Cream (evens skin tone), and Vitamin C Under Eye Cream (reduces dark circles)."""
96,How does Mamaearth support sensitive skin?,"""Mamaearth offers products like Multani Mitti Face Wash with Multani Mitti and Bulgarian Rose, designed for sensitive skin to control excess oil, reduce acne, and promote hydration without harmful toxins."""
97,What is the benefit of Mamaearths Rosemary Hair Growth Oil?,"""Mamaearths Rosemary Hair Growth Oil, featuring Rosemary and Methi Dana, promotes hair growth, controls excessive hair fall, and strengthens hair roots with a toxin-free formula."""
98,How can I learn more about Mamaearth?,"""Visit the Honasa Consumer Ltd website to learn more about Mamaearth, its mission, and its wide range of nature-inspired products for skin, hair, body, and baby care."""
99,What types of products does Mamaearth offer?,"""Mamaearth offers skin care products for both women and men including face wash, face masks, face serums, face creams, face scrubs, face toners, face gels, face mask sheets, and lip balms."""
100,Are Mamaearth products chemical-free?,"""Yes, Mamaearth products are free from chemicals like Parabens, Sulfates, and dyes that tend to be hard on the skin."""
101,What certifications does Mamaearth have?,"""Mamaearth products are PETA certified, which means they have not been tested on animals."""
102,What is unique about Mamaearth's sustainability approach?,"""Every time you order from Mamaearth, they plant a tree in your name, which aims to increase the green cover around the country."""
103,What is the first step in choosing the right skincare product?,"""It's imperative to identify your skin type and underlying concerns before selecting any skincare product."""
104,What face wash does Mamaearth recommend for acne and zits?,"""Mamaearth recommends SLS and Paraben Free Tea Tree Face Wash and Multani Mitti Face Wash for acne and zits."""
105,What face wash does Mamaearth recommend for glowing skin?,"""Mamaearth recommends Vitamin C Face Wash for Skin Illumination."""
106,What face wash does Mamaearth recommend for fine lines and wrinkles?,"""Mamaearth recommends Retinol Face Wash with Retinol and Bakuchi."""
107,What face mask does Mamaearth recommend for dry and dull skin?,"""Mamaearth recommends CoCo Face Mask with Coffee and Cocoa."""
108,What does the Aqua Glow Face Serum promise?,"""The Aqua Glow Face Serum promises a 72-hour long boost of hydration to the skin."""
109,What is the Skin Correct Face Serum ideal for?,"""The Skin Correct Face Serum is ideal for skin concerns such as acne, marks, and enlarged pores."""
110,What face creams does Mamaearth offer?,"""Mamaearth offers Bye Bye Blemishes Face Cream, Vitamin C Under Eye Cream, Anti Pollution Daily Face Cream, and Night Retinol Skin Care Cream."""
111,What face scrubs does Mamaearth offer?,"""Mamaearth offers CoCo Face Scrub, Vitamin C Face Scrub, and Ubtan Face Scrub."""
112,What face toners does Mamaearth offer?,"""Mamaearth offers Ubtan Cleansing Milk with Turmeric and Saffron, Vitamin C Face Toner, and Rose Face Toner."""
113,What benefits does Mamaearth's Aloe Vera Gel provide?,"""It keeps the skin hydrated, prevents free radicals from damaging the skin's inner layers, keeps acne at bay, and reduces discoloration or uneven skin tone."""
114,What types of face mask sheets does Mamaearth offer?,"""Mamaearth offers Niacinamide Bamboo Sheet Mask with Niacinamide and Ginger Extract, and Hyaluronic Bamboo Sheet Mask with Rosehip Oil."""
115,What is special about Mamaearth's lip balms?,"""The lip balms come with a 12-hour moisturization lock that helps essential oils penetrate deeper."""
116,What are some star ingredients in Mamaearth's skincare range?,"""Star ingredients include tea tree oil, saffron, aloe vera, turmeric, neem, ubtan, vitamin C, multani mitti, himalayan thermal water, rice water, green tea, and charcoal."""
117,What benefits do Neem products offer?,"""Neem products help get rid of oily skin, acne, and breakouts."""
118,What benefits do Ubtan products offer?,"""Ubtan products give flawless skin and glowing complexion."""
119,What benefits do Vitamin C products offer?,"""Vitamin C products brighten skin tone, reduce pigmentation, reduce dark circles & fine lines, keeping skin healthy and radiant."""
120,What benefits does Multani Mitti offer?,"""Multani Mitti absorbs excess oil and prevents acne, giving a shiny appearance to your skin."""
121,What benefits does Himalayan Thermal Water offer?,"""Himalayan Thermal Water boosts hydration levels in the skin, makes the skin glow, makes the skin soft & supple, and brightens the skin with continuous use."""
122,What benefits does Rice Water offer?,"""Rice Water cleanses the skin gently, hydrates the skin, helps in reducing the appearance of fine lines & wrinkles, and brightens skin tone."""
123,What benefits does Green Tea offer?,"""Green Tea nourishes skin, keeps it soft and smooth, deep cleanses the skin, tightens skin pores, boosts elasticity, and keeps the skin moisturized for a long time."""
124,What benefits does Charcoal offer?,"""Charcoal helps get rid of dirt, grime, and excess oil gently, controls excess oil, and unclogs pores."""
125,What is the price of Vitamin C Face Wash with Vitamin C and Turmeric?,"""Rs. 249"""
126,What is the price of Charcoal Face Wash for oil control?,"""Rs. 259"""
127,What is the price of Tea Tree Facewash for acne and pimples?,"""Rs. 259"""
128,What is the price of Rice Face Wash With Rice Water & Niacinamide for Glass Skin?,"""Rs. 259"""
129,What is the price of Ubtan Face Wash with Turmeric & Saffron for Tan Removal?,"""Rs. 259"""
130,What is the price of Vitamin C Daily Glow Sunscreen?,"""Rs. 386"""
131,What is the price of Vitamin C Daily Glow Face Serum With Vitamin C?,"""Rs. 386"""
132,What is the price of Beetroot Gentle Face Wash With Beetroot?,"""Rs. 228"""
133,What is the price of Mamaearth Rice Water Dewy Sunscreen with SPF 50?,"""Rs. 385"""
134,What is a tea tree?,"""Tea tree oil is an essential oil from Melaleuca alternifolia, native to Australia, known for its anti-inflammatory and antiseptic properties, used to treat skin and hair issues like acne, inflammation, and dandruff."""
135,What are the uses of tea tree face wash?,"""Tea tree face wash cleanses impurities, reduces inflammation, prevents acne and scars, soothes psoriasis and eczema, and heals minor wounds; use twice daily for best results."""
136,What are the benefits of tea tree face wash?,"""It prevents acne and marks, manages oily skin, unclogs pores, reduces inflammation, and enhances skin tone, making it ideal for oily and acne-prone skin."""
137,How do you use Mamaearth tea tree face wash?,"""Take a coin-sized amount, apply to damp skin, lather gently (avoiding eyes), rinse off, pat dry, and follow with Mamaearth Tea Tree Oil-free Moisturizer."""
138,Is tea tree face wash safe for the skin?,"""Yes, its safe for all skin types when made with gentle, toxin-free ingredients like Mamaearths version with Neem and Aloe Vera; patch test recommended."""
139,What are the benefits of Mamaearth tea tree face wash for pimples?,"""It controls pimple breakouts, removes excess oil, and uses antibacterial properties from Neem and Tea Tree Oil to keep skin healthy and supple."""
140,Is Mamaearth Face Wash for pimples good for oily skin?,"""Yes, it hydrates and moisturizes, making it perfect for oily and sensitive skin, suitable for all ages above 15."""
141,Which should be applied first," moisturizer or sunscreen?,""Apply moisturizer first, then sunscreen with high SPF for maximum hydration and UV protection."""
142,How often should I use Mamaearth tea tree face wash?,"""Use it twice daily for best results."""
143,How long will it take for the best face wash for pimples to show results?,"""Visible results typically appear within 8 weeks of regular use."""
144,Can teenagers use this Mamaearth face wash for acne and pimples?,"""Yes, its safe for anyone above 15 due to its natural, toxin-free ingredients."""
145,Will this Mamaearth face wash with tea tree oil and neem extract make my skin dry?,"""No, but moisturizing after cleansing is recommended."""
146,Is tea tree oil good for hormonal acne?,"""Yes, its anti-inflammatory and antibacterial properties help treat hormonal acne when diluted and applied consistently."""
147,Can we use Tea Tree Face Wash daily?,"""Yes, Mamaearth Tea Tree Face Wash is safe for daily use twice a day to prevent acne and cleanse impurities."""
148,How long does Tea Tree take to clear acne?,"""Consistent use for a few weeks shows visible effects, purifying skin and reducing acne."""
149,Does Mamaearth face wash remove blackheads?,"""Yes, it efficiently reduces blackheads with its chemical-free, dermatologically tested formula."""
150,What is the Mamaearth tea tree face wash price?,"""The 100 ml pack costs Rs.249."""
151,What are the Mamaearth tea tree face wash uses?,"""It reduces acne and pimples, controls excess oil, and cleanses skin with Aloe Vera, Neem, and Tea Tree Oil."""
152,Is Mamaearth face wash good for acne?,"""Yes, it naturally treats acne with its beneficial ingredients."""
153,Does Tea Tree Face Wash darken skin?,"""No, it brightens skin and fades scars, hyperpigmentation, and blemishes."""
154,How often should I use Tea Tree Face Wash?,"""Use twice daily to clean impurities and treat oily skin issues like acne and blackheads."""
155,Is Tea Tree Face Wash good for your face?,"""Yes, it cleanses gently, controls oil, reduces acne marks, and maintains pH, ideal for oily skin."""
156,What is Mamaearth Tea Tree and Neem Face Wash?,"""Mamaearth Tea Tree and Neem Face Wash is a skincare product with tea tree oil and neem, featuring antibacterial, antifungal, and anti-inflammatory properties to clear dust, grime, and acne-causing bacteria from oily, acne-prone skin."""
157,What are the uses of Mamaearth Tea Tree and Neem Face Wash?,"""It prevents acne, controls oil, soothes inflammation, exfoliates naturally, cleanses gently, and reduces blemishes when used twice daily."""
158,Is Mamaearth Tea Tree and Neem Face Wash safe for the face?,"""Yes, its safe for all skin types with toxin-free ingredients like Tea Tree Oil, Neem, and Aloe Vera; patch test recommended."""
159,What are the benefits of using Mamaearth Tea Tree and Neem Face Wash?,"""It removes impurities, prevents acne, purifies skin, hydrates with Neem, and promotes clear skin with regular use."""
160,How do you use Mamaearth Tea Tree and Neem Face Wash?,"""Apply a small amount to wet skin, massage gently (avoiding eyes), rinse off, pat dry, and follow with a non-comedogenic moisturizer twice daily."""
161,Is Mamaearth Tea Tree and Neem Face Wash good for the skin?,"""Yes, its effective for oily skin, combating acne and pimples with Neem and Tea Tree Oil, leaving skin clear and healthy."""
162,How often should I use Mamaearth Tea Tree and Neem Face Wash?,"""Use it twice daily for best results."""
163,How long will Mamaearth Tea Tree and Neem Face Wash take to show results?,"""Visible results typically appear within 8 weeks of regular use."""
164,Can teenagers use Mamaearth Tea Tree and Neem Face Wash?,"""Yes, its safe for anyone above 15 with its natural, toxin-free formula."""
165,Will Mamaearth Tea Tree and Neem Face Wash make my skin dry?,"""No, but moisturizing after cleansing is recommended."""
166,Is Mamaearth Tea Tree and Neem Face Wash best for pimples and acne control?,"""Yes, it reduces and prevents acne and pimples by controlling excess oil secretion."""
167,Does Mamaearth Tea Tree and Neem Face Wash remove excess oil from the face?,"""Yes, it removes excess oil without drying skin, leaving it clean and balanced."""
168,Is Mamaearth Tea Tree and Neem Face Wash good for antibacterial benefits?,"""Yes, its Neem and Tea Tree Oil provide natural antibacterial properties to prevent acne breakouts."""
169,Can men and women both use Mamaearth Tea Tree and Neem Face Wash?,"""Yes, its suitable for both men and women above 15 years."""
170,Is Mamaearth Tea Tree and Neem Face Wash effective for acne?,"""Yes, it combats acne, reduces pimples, and purifies skin with antibacterial benefits."""
171,What are the disadvantages of Mamaearth Tea Tree and Neem Face Wash?,"""There are no disadvantages; its antibacterial Neem and Tea Tree Oil benefit oily skin and improve texture."""
172,What is Mamaearth Vitamin C Face Wash?,"""Mamaearth Vitamin C Face Wash is a gentle, toxin-free cleanser with Vitamin C, Turmeric, and Aloe Vera, promoting bright, nourished skin and fighting free radicals for all skin types."""
173,What are the uses of Mamaearth Vitamin C Face Wash?,"""It brightens skin, reduces hyperpigmentation, and restores radiance with natural ingredients like Vitamin C, Turmeric, and Aloe Vera, suitable for daily use."""
174,What are the benefits of Mamaearth Vitamin C Face Wash?,"""It promotes a brighter complexion, adds a refreshed look, and treats minor skin issues like blemishes and fine lines, with toxin-free Vitamin C, Turmeric, and Aloe Vera."""
175,How do you use Mamaearth Vitamin C Face Wash?,"""Wet face, apply a small amount, massage gently in circular motions (avoiding eyes), rinse thoroughly, and pat dry; use twice daily."""
176,Is Mamaearth Vitamin C Face Wash safe for the face?,"""Yes, its safe for all skin types with natural, toxin-free ingredients like Vitamin C, Turmeric, and Aloe Vera, free from harsh chemicals."""
177,Will Mamaearth Vitamin C Face Wash make my skin dry?,"""No, it contains glycerin to keep skin smooth and supple after every wash."""
178,Is Mamaearth Vitamin C Face Wash suitable for all skin types?,"""Yes, its natural ingredients make it safe and effective for all skin types."""
179,Will Mamaearth Vitamin C Face Wash brighten my skin tone?,"""Yes, it removes oil and dirt, fights free radicals with Vitamin C, Turmeric, and Aloe Vera, leaving skin with a natural glow."""
180,Can my teenage daughter use Mamaearth Vitamin C Face Wash?,"""Yes, its suitable for anyone above 15 for radiant, healthy skin."""
181,How often can I use Mamaearth Vitamin C Face Wash?,"""Use it twice daily for best results."""
182,What does Mamaearth Vitamin C Face Wash do?,"""It brightens skin, evens tone, and promotes a healthy glow with Vitamin C, Turmeric, and Aloe Vera, free from toxins."""
183,What are the side effects of Mamaearth Vitamin C Face Wash?,"""There are no side effects; its safe with toxin-free ingredients, though a patch test is recommended."""
184,When should I use Mamaearth Vitamin C Face Wash?,"""Use it twice daily, especially when skin feels dull, to remove impurities and lighten sun tan."""
185,Does Mamaearth Vitamin C Face Wash brighten skin?,"""Yes, its Vitamin C, Turmeric, and Aloe Vera brighten skin, even tone, and reverse sun damage naturally."""
186,Can I use Mamaearth Vitamin C Face Wash at night?,"""Yes, it rejuvenates skin at night with antioxidants, enhancing other skincare products."""
187,Is Mamaearth Vitamin C Face Wash good for acne?,"""It reduces acne scars and blemishes with Vitamin C, but for active acne, try Mamaearth Tea Tree Face Wash instead."""
188,What is Mamaearth Aloe Vera Gel?,"""Mamaearth Aloe Vera Gel is a transparent, jelly-like skincare and haircare product made from aloe vera, Vitamin E, and Glycerin, offering hydration, anti-inflammatory benefits, and nourishment for all skin and hair types, free from toxins."""
189,What are the uses of Mamaearth Aloe Vera Gel?,"""It hydrates skin and hair, smoothens skin texture, and nourishes the scalp, with natural ingredients like Aloe Vera, Vitamin E, and Glycerin; apply raw or with face packs for healthy, nourished results."""
190,What are the benefits of Mamaearth Aloe Vera Gel?,"""It hydrates skin, nourishes hair, soothes the scalp, and reduces breakouts with anti-inflammatory properties from Aloe Vera, Vitamin E, and Glycerin, suitable for all skin and hair types, toxin-free."""
191,How do you use Mamaearth Aloe Vera Gel?,"""For skin: Clean face, apply a small amount, massage gently until absorbed, avoid eyes. For hair: Part hair, massage into scalp and strands for nourishment; use twice daily."""
192,Is Mamaearth Aloe Vera Gel safe for the face?,"""Yes, its safe for all skin types with natural Aloe Vera, Vitamin E, and Glycerin, free from harmful chemicals and toxins; patch test recommended."""
193,What are the benefits of Mamaearth Aloe Vera Gel on the face?,"""It moisturizes deeply, fights aging signs, speeds healing, reduces inflammation, cleanses gently, and removes pimples with Aloe Vera, Vitamin E, and Glycerin."""
194,How do you use Mamaearth Aloe Vera Gel on the face at night?,"""Apply a small amount to fingertips, massage over face and neck in circular motions, leave overnight, and wash off in the morning for refreshed skin."""
195,Which is the best aloe vera gel for hair?,"""Mamaearth Aloe Vera Gel is the best, enriched with Aloe Vera, Vitamin E, and Glycerin, nourishing hair and scalp for all types, priced at Rs.319 for 300ml."""
196,Is Mamaearth Aloe Vera Gel safe for sensitive skin and frizzy hair?,"""Yes, it suits all skin and hair types, including sensitive skin and frizzy hair, with natural ingredients; do a patch test first."""
197,Can we use Mamaearth Aloe Vera Gel on hair and face every day?,"""Yes, its free of toxins, parabens, and mineral oils, safe for daily use on hair and face for hydration and nourishment."""
198,Can I apply Mamaearth Aloe Vera Gel on acne-prone skin?,"""Yes, its soothing Aloe Vera and antioxidants boost blood flow, kill acne-causing bacteria, and reduce breakouts."""
199,Is Mamaearth Aloe Vera Gel 100ml good for skin?,"""Yes, the 100ml version hydrates and keeps skin healthy with pure Aloe Vera, Vitamin E, and Glycerin."""
200,Is Mamaearth Aloe Vera Gel pure?,"""Yes, its pure, made with Aloe Vera, Vitamin E, and Glycerin, free from harmful additives, ideal for skin and hair."""
201,What is the Mamaearth Aloe Vera Gel 300ml price?,"""The price is Rs.319 for 300ml, offering pocket-friendly skincare and haircare."""
202,What are the Mamaearth Aloe Vera Gel ingredients?,"""It includes Aloe Vera, Glycerin, Vitamin E, Aqua, Sodium PCA, Allantoin, Xanthan Gum, Sodium Benzoate, and Potassium Sorbate."""
203,Where can I buy Mamaearth Aloe Vera Gel for hair?,"""Purchase it from the official Mamaearth website for Rs.319."""
204,How do you use Mamaearth Aloe Vera Gel on the face?,"""Take a coin-sized amount, apply over face and neck, and massage gently for healthy, hydrated skin."""
205,Can I use Mamaearth Aloe Vera Gel on dry skin?,"""Yes, it deeply hydrates dry skin, keeping it glowing and healthy all day."""
206,Is Mamaearth Aloe Vera Gel good for hair?,"""Yes, it strengthens hair with Vitamin E and nourishes the scalp, reducing dryness and frizz."""
207,Is Mamaearth Aloe Vera Gel good for oily skin?,"""Yes, its oil-free, non-greasy formula hydrates oily skin for 24 hours without clogging pores."""
208,Are there any Mamaearth Aloe Vera Gel side effects?,"""No, its safe for sensitive skin with no side effects, keeping skin healthy and glowing."""
209,Is Mamaearth Aloe Vera Gel a good moisturizer for your face?,"""Yes, it nourishes with Aloe Vera, Vitamin E, and Glycerin, making skin smooth and soft."""
210,Is Mamaearth Aloe Vera Gel good for your face?,"""Yes, it hydrates, soothes irritation, and provides antioxidants for smooth, refreshed skin."""
211,Can we apply Mamaearth Aloe Vera Gel to the face every day?,"""Yes, daily use in AM and PM promotes hydrated, soft skin with antibacterial protection."""
212,Does Mamaearth Aloe Vera Gel get rid of dark spots?,"""Yes, regular use reduces dark spots, hyperpigmentation, and scars with natural healing properties."""
213,Can we apply Mamaearth Aloe Vera Gel directly to the face?,"""Yes, it soothes, hydrates, and promotes cell regeneration when massaged daily."""
214,Can I leave Mamaearth Aloe Vera Gel on my face overnight?,"""Yes, leaving it on overnight reduces irritation, improves texture, and protects against UV damage."""
215,How do you use Mamaearth Rosemary Anti-Hair Fall Shampoo?,"""Take a coin-sized amount of Mamaearth Rosemary Anti-Hair Fall Shampoo, apply to wet scalp, work into a lather, and rinse thoroughly; for best results, use with Mamaearth Rosemary Anti-Hair Fall Conditioner."""
216,What does Mamaearth Rosemary Anti-Hair Fall Shampoo do for your hair?,"""It reduces hair loss by up to 93%, strengthens hair by up to 94%, gently cleanses the scalp, and promotes hair growth with Rosemary and Methi Dana."""
217,Is Mamaearth Rosemary Anti-Hair Fall Shampoo good for you?,"""Yes, it nourishes hair, boosts growth, controls hair fall, strengthens strands, and cleanses gently with natural, toxin-free ingredients."""
218,Does Mamaearth Rosemary Anti-Hair Fall Shampoo help hair grow?,"""Yes, its Rosemary and Methi Dana nourish the scalp and follicles, promoting hair growth and delivering up to 94% stronger hair."""
219,How often can I use Mamaearth Rosemary Anti-Hair Fall Shampoo?,"""Use it 2-3 times a week, ideally with Mamaearth Rosemary Hair Growth Oil and Conditioner, for optimal hair strength and care."""
220,Can I use Mamaearth Rosemary Anti-Hair Fall Shampoo every day?,"""Yes, its safe daily, but washing 2-3 times a week is recommended to maintain moisture and avoid dehydration."""
221,What is the Mamaearth Rosemary Anti-Hair Fall Shampoo price?,"""It costs INR 349 for a 250 ml bottle, offering affordable, natural hair care."""
222,What are the Mamaearth Rosemary Anti-Hair Fall Shampoo ingredients?,"""Key ingredients include Rosemary, Methi Dana, Aqua, Cocamidopropyl Betaine, Sodium Lauroyl Sarcosinate, and Glycerin, all toxin-free."""
223,Can men use Mamaearth Rosemary Anti-Hair Fall Shampoo for hair fall?,"""Yes, its suitable for anyone, including men, struggling with hair fall."""
224,Will Mamaearth Rosemary Anti-Hair Fall Shampoo make my scalp dry?,"""No, it cleanses gently, retaining essential moisture to nourish and hydrate your scalp and hair."""
225,Will Mamaearth Rosemary Anti-Hair Fall Shampoo reduce hair loss?,"""Yes, with Rosemary and Methi Dana, it reduces hair loss by up to 93% while strengthening hair."""
226,Does Mamaearth Rosemary Anti-Hair Fall Shampoo promote hair growth?,"""Yes, its Rosemary strengthens weak follicles and Methi Dana reduces loss, promoting growth with a nutrient-rich, toxin-free formula."""
227,Does Mamaearth Rosemary Anti-Hair Fall Shampoo promote hair growth?,"""Yes, its Rosemary strengthens weak follicles and Methi Dana reduces loss, promoting growth with a nutrient-rich, toxin-free formula."""
228,What are the benefits of Mamaearth Onion Hair Oil?,"""It reduces hair fall, boosts hair growth, strengthens hair, and adds shine with onion oil, Redensyl, bhringraj, almond, castor, and amla oils; its lightweight, non-sticky, and Made Safe certified."""
229,Can Mamaearth Onion Hair Oil be used daily?,"""Its safe daily, but use it twice a week for best results with a natural, toxin-free shampoo."""
230,Does Mamaearth Onion Hair Oil regrow hair?,"""Yes, research shows it promotes regrowth after 2 weeks of twice-weekly use, earning it the title of hair growth oil from users."""
231,Is Mamaearth Onion Hair Oil good for hair?,"""Yes, its sulfur and potassium from onion oil strengthen hair, reduce fall, boost growth, and improve circulation, preventing premature graying."""
232,How does Mamaearth Onion Hair Oil help in hair growth?,"""It promotes collagen production and increases scalp blood circulation with onion oil, enhancing healthy hair growth."""
233,How is Mamaearth Onion Hair Oil?,"""Its the best red onion hair oil in India, enriched with onion, Redensyl, bhringraj, almond, castor, and amla oils to nourish follicles, reduce fall, and improve texture, toxin-free."""
234,Can we use Mamaearth Onion Hair Oil on the face?,"""No, its designed for hair and scalp use only, not for the face."""
235,What are the Mamaearth Onion Hair Oil ingredients?,"""It includes onion oil, almond oil, bhringraj oil, Redensyl, castor oil, and amla oil to boost growth, add shine, and balance scalp pH."""
236,What is the price of Mamaearth Onion Hair Oil?,"""It costs Rs. 419 for a 150 ml pack, offering economical hair care."""
237,Which onion oil is best for gray hair?,"""Mamaearth Onion Hair Oil with Redensyl is ideal, boosting growth, adding shine, and preventing premature graying naturally."""
238,Which is the best hair oil for hair fall control?,"""Mamaearth Onion Hair Oil with Redensyl is one of the best for controlling hair fall effectively."""
239,Does Mamaearth Onion Hair Oil reduce hair fall?,"""Yes, its sulfur supports thick hair, reduces fall, and boosts new growth by aiding collagen formation."""
240,What is the coupon code for Mamaearth Onion Hair Oil?,"""Use ONION21 for a 20% discount on Mamaearth Onion Hair Oil."""
241,Which is the best onion oil for hair growth in India?,"""Mamaearth Onion Hair Oil is the top choice, with sulfur, potassium, and natural oils like amla and bhringraj for growth and reduced fall."""
